materia,grupo,hora,dia,aula,profesor
1541,B3|4|54|||20251,07,L,Z23,P000117
1541,B3|4|54|||20251,17,L,Z23,P000117
1541,B3|4|54|||20251,16,M,Z23,P000117
1541,C1|4|54|||20251,09,L,E28,P000117
1541,C1|4|54|||20251,19,J,E28,P000117
1541,C1|4|54|||20251,18,V,E28,P000117
1542,C1|4|54|||20251,11,L,E28,P000019
1542,C1|4|54|||20251,20,L,E28,P000019
1542,C1|4|54|||20251,18,X,E28,P000019
1542,F|4|54|||20251,18,L,E19,P000055
1542,F|4|54|||20251,15,J,E19,P000055
1542,F|4|54|||20251,21,V,E19,P000055
1543,B0|4|54|||20251,16,L,E26,P000009
1543,B0|4|54|||20251,12,M,E26,P000009
1543,B0|4|54|||20251,18,J,E26,P000009
1543,C0|4|54|||20251,14,J,Y11,P000015
1543,C0|4|54|||20251,12,V,Y11,P000015
1543,C0|4|54|||20251,17,V,Y11,P000015
1543,CF|4|54|||20251,13,X,E26,P000057
1543,CF|4|54|||20251,14,X,E26,P000057
1543,CF|4|54|||20251,20,X,E26,P000057
1543,D0|4|54|||20251,20,L,E24,P000057
1543,D0|4|54|||20251,11,X,E24,P000057
1543,D0|4|54|||20251,15,V,E24,P000057
1543,DC|4|54|||20251,12,L,E26,P000057
1543,DC|4|54|||20251,16,M,E26,P000057
1543,DC|4|54|||20251,19,J,E26,P000057
1546,AA|4|54|||20251,07,X,E14,P000101
1546,AA|4|54|||20251,16,J,E14,P000101
1546,AA|4|54|||20251,11,V,E14,P000101
1546,BA|4|54|||20251,07,M,E26,P000102
1546,BA|4|54|||20251,11,J,E26,P000102
1546,BA|4|54|||20251,21,J,E26,P000102
1546,CA|4|54|||20251,07,M,E31,P000101
1546,CA|4|54|||20251,08,X,E31,P000101
1546,CA|4|54|||20251,07,V,E31,P000101
2541,F|4|54|||20251,16,L,E31,P000121
2541,F|4|54|||20251,21,L,E31,P000121
2541,F|4|54|||20251,17,J,E31,P000121
2541,G|4|54|||20251,15,M,E37,P000082
2541,G|4|54|||20251,15,J,E37,P000082
2541,G|4|54|||20251,07,V,E37,P000082
2542,F|4|54|||20251,12,M,E31,P000062
2542,F|4|54|||20251,19,M,E31,P000062
2542,F|4|54|||20251,21,X,E31,P000062
2543,F|4|54|||20251,10,L,E26,P000110
2543,F|4|54|||20251,21,M,E26,P000110
2543,F|4|54|||20251,14,J,E26,P000110
2543,H|4|54|||20251,08,L,E26,P000108
2543,H|4|54|||20251,11,M,E26,P000108
2543,H|4|54|||20251,16,X,E26,P000108
2545,A0|4|54|||20251,20,X,A11,P000023
2545,A0|4|54|||20251,14,J,A11,P000023
2545,A0|4|54|||20251,20,J,A11,P000023
2545,B0|4|54|||20251,18,L,F37,P000006
2545,B0|4|54|||20251,20,L,F37,P000006
2545,B0|4|54|||20251,08,X,F37,P000006
2545,C0|4|54|||20251,13,L,E33,P000039
2545,C0|4|54|||20251,21,M,E33,P000039
2545,C0|4|54|||20251,10,J,E33,P000039
2545,D0|4|54|||20251,15,M,F3A,P000006
2545,D0|4|54|||20251,19,M,F3A,P000006
2545,D0|4|54|||20251,18,J,F3A,P000006
2545,E0|4|54|||20251,07,L,E23,P000016
2545,E0|4|54|||20251,18,M,E23,P000016
2545,E0|4|54|||20251,21,X,E23,P000016
2545,F|4|54|||20251,17,M,E31,P000023
2545,F|4|54|||20251,20,M,E31,P000023
2545,F|4|54|||20251,07,X,E31,P000023
2545,F0|4|54|||20251,16,L,E3A,P000039
2545,F0|4|54|||20251,18,L,E3A,P000039
2545,F0|4|54|||20251,10,X,E3A,P000039
2545,G|4|54|||20251,08,L,2A1,P000011
2545,G|4|54|||20251,20,L,2A1,P000011
2545,G|4|54|||20251,10,X,2A1,P000011
2545,G0|4|54|||20251,15,M,E33,P000011
2545,G0|4|54|||20251,16,M,E33,P000011
2545,G0|4|54|||20251,15,V,E33,P000011
2545,H|4|54|||20251,15,M,E23,P000036
2545,H|4|54|||20251,08,X,E23,P000036
2545,H|4|54|||20251,18,J,E23,P000036
2545,H0|4|54|||20251,08,L,E33,P000036
2545,H0|4|54|||20251,10,M,E33,P000036
2545,H0|4|54|||20251,09,X,E33,P000036
2545,I|4|54|||20251,13,L,E12,P000027
2545,I|4|54|||20251,09,M,E12,P000027
2545,I|4|54|||20251,10,X,E12,P000027
2545,I0|4|54|||20251,17,L,F20,P000027
2545,I0|4|54|||20251,12,V,F20,P000027
2545,I0|4|54|||20251,18,V,F20,P000027
2545,J|4|54|||20251,16,L,2A2,P000022
2545,J|4|54|||20251,19,J,2A2,P000022
2545,J|4|54|||20251,14,V,2A2,P000022
2545,J0|4|54|||20251,11,L,E12,P000022
2545,J0|4|54|||20251,21,J,E12,P000022
2545,J0|4|54|||20251,21,V,E12,P000022
2545,K|4|54|||20251,13,L,E28,P000014
2545,K|4|54|||20251,17,M,E28,P000014
2545,K|4|54|||20251,14,X,E28,P000014
2545,K0|4|54|||20251,08,L,E37,P000014
2545,K0|4|54|||20251,20,L,E37,P000014
2545,K0|4|54|||20251,15,V,E37,P000014
2545,L|4|54|||20251,14,L,F3A,P000011
2545,L|4|54|||20251,10,V,F3A,P000011
2545,L|4|54|||20251,13,V,F3A,P000011
2545,M|4|54|||20251,08,L,F20,P000022
2545,M|4|54|||20251,13,M,F20,P000022
2545,M|4|54|||20251,11,J,F20,P000022
2545,N|4|54|||20251,18,L,E13,P000022
2545,N|4|54|||20251,10,J,E13,P000022
2545,N|4|54|||20251,12,V,E13,P000022
2545,O|4|54|||20251,18,L,E24,P000009
2545,O|4|54|||20251,11,M,E24,P000009
2545,O|4|54|||20251,15,M,E24,P000009
2545,P|4|54|||20251,10,L,E33,P000036
2545,P|4|54|||20251,16,L,E33,P000036
2545,P|4|54|||20251,18,L,E33,P000036
2545,Q|4|54|||20251,13,J,E12,P000039
2545,Q|4|54|||20251,20,J,E12,P000039
2545,Q|4|54|||20251,18,V,E12,P000039
2545,R|4|54|||20251,09,M,E28,P000016
2545,R|4|54|||20251,11,M,E28,P000016
2545,R|4|54|||20251,11,V,E28,P000016
2545,S|4|54|||20251,14,M,E38,P000027
2545,S|4|54|||20251,13,J,E38,P000027
2545,S|4|54|||20251,13,V,E38,P000027
2545,T|4|54|||20251,07,L,E26,P000027
2545,T|4|54|||20251,21,L,E26,P000027
2545,T|4|54|||20251,20,M,E26,P000027
2545,U|4|54|||20251,09,L,C12,P000039
2545,U|4|54|||20251,17,L,C12,P000039
2545,U|4|54|||20251,17,J,C12,P000039
2545,V|4|54|||20251,20,M,E33,P000014
2545,V|4|54|||20251,20,X,E33,P000014
2545,V|4|54|||20251,11,V,E33,P000014
2545,W|4|54|||20251,10,L,C12,P000014
2545,W|4|54|||20251,18,X,C12,P000014
2545,W|4|54|||20251,21,X,C12,P000014
2545,X|4|54|||20251,13,M,E31,P000036
2545,X|4|54|||20251,16,X,E31,P000036
2545,X|4|54|||20251,13,J,E31,P000036
2545,Y|4|54|||20251,09,L,E31,P000011
2545,Y|4|54|||20251,21,J,E31,P000011
2545,Y|4|54|||20251,19,V,E31,P000011
2545,Z|4|54|||20251,07,M,E13,P000039
2545,Z|4|54|||20251,12,J,E13,P000039
2545,Z|4|54|||20251,11,V,E13,P000039
2547,F|4|54|||20251,10,X,Z23,P000093
2547,F|4|54|||20251,18,X,Z23,P000093
2547,F|4|54|||20251,13,V,Z23,P000093
2547,G|4|54|||20251,17,L,E28,P000095
2547,G|4|54|||20251,19,L,E28,P000095
2547,G|4|54|||20251,13,J,E28,P000095
3542,A1|4|54|||20251,08,J,F3C,P000104
3542,A1|4|54|||20251,13,J,F3C,P000104
3542,A1|4|54|||20251,18,J,F3C,P000104
3542,F|4|54|||20251,09,L,E33,P000104
3542,F|4|54|||20251,16,V,E33,P000104
3542,F|4|54|||20251,19,V,E33,P000104
3545,F|4|54|||20251,08,M,E28,P000080
3545,F|4|54|||20251,13,X,E28,P000080
3545,F|4|54|||20251,08,J,E28,P000080
3545,G|4|54|||20251,07,L,E28,P000080
3545,G|4|54|||20251,07,M,E28,P000080
3545,G|4|54|||20251,20,M,E28,P000080
3545,H|4|54|||20251,21,L,E37,P000041
3545,H|4|54|||20251,12,M,E37,P000041
3545,H|4|54|||20251,17,V,E37,P000041
3545,I|4|54|||20251,16,M,E15,P000036
3545,I|4|54|||20251,11,V,E15,P000036
3545,I|4|54|||20251,16,V,E15,P000036
3545,J|4|54|||20251,10,V,E24,P000041
3545,J|4|54|||20251,16,V,E24,P000041
3545,J|4|54|||20251,18,V,E24,P000041
3545,K|4|54|||20251,16,L,X22,P000059
3545,K|4|54|||20251,19,J,X22,P000059
3545,K|4|54|||20251,18,V,X22,P000059
3545,L|4|54|||20251,19,M,E27,P000085
3545,L|4|54|||20251,09,X,E27,P000085
3545,L|4|54|||20251,11,J,E27,P000085
4541,F|4|54|||20251,19,L,X13,P000001
4541,F|4|54|||20251,20,X,X13,P000001
4541,F|4|54|||20251,16,J,X13,P000001
4541,G|4|54|||20251,09,L,E13,P000114
4541,G|4|54|||20251,13,L,E13,P000114
4541,G|4|54|||20251,17,V,E13,P000114
4542,AA|4|54|||20251,20,J,F36,P000107
4542,AA|4|54|||20251,08,V,F36,P000107
4542,AA|4|54|||20251,18,V,F36,P000107
4542,BA|4|54|||20251,18,L,E16,P000058
4542,BA|4|54|||20251,19,X,E16,P000058
4542,BA|4|54|||20251,08,V,E16,P000058
4542,CA|4|54|||20251,12,J,E16,P000053
4542,CA|4|54|||20251,16,J,E16,P000053
4542,CA|4|54|||20251,17,V,E16,P000053
4542,DA|4|54|||20251,21,J,E28,P000002
4542,DA|4|54|||20251,17,V,E28,P000002
4542,DA|4|54|||20251,20,V,E28,P000002
4542,EA|4|54|||20251,18,X,F20,P000118
4542,EA|4|54|||20251,20,X,F20,P000118
4542,EA|4|54|||20251,14,V,F20,P000118
4542,G|4|54|||20251,11,L,E27,P000107
4542,G|4|54|||20251,14,X,E27,P000107
4542,G|4|54|||20251,09,J,E27,P000107
4542,GA|4|54|||20251,20,M,E37,P000118
4542,GA|4|54|||20251,14,X,E37,P000118
4542,GA|4|54|||20251,12,J,E37,P000118
4544,F|4|54|||20251,07,L,E27,P000035
4544,F|4|54|||20251,15,L,E27,P000035
4544,F|4|54|||20251,20,V,E27,P000035
4544,G|4|54|||20251,21,M,2A2,P000001
4544,G|4|54|||20251,07,X,2A2,P000001
4544,G|4|54|||20251,12,V,2A2,P000001
4545,F|4|54|||20251,09,M,F20,P000008
4545,F|4|54|||20251,08,X,F20,P000008
4545,F|4|54|||20251,10,J,F20,P000008
4545,G|4|54|||20251,17,M,E27,P000003
4545,G|4|54|||20251,19,X,E27,P000003
4545,G|4|54|||20251,20,J,E27,P000003
5541,F|4|54|||20251,17,L,E27,P000021
5541,F|4|54|||20251,09,V,E27,P000021
5541,F|4|54|||20251,15,V,E27,P000021
5542,F|4|54|||20251,07,M,F14,P000086
5542,F|4|54|||20251,13,M,F14,P000086
5542,F|4|54|||20251,11,X,F14,P000086
5545,F|4|54|||20251,11,M,F24,P000008
5545,F|4|54|||20251,16,X,F24,P000008
5545,F|4|54|||20251,09,J,F24,P000008
5547,F|4|54|||20251,17,X,E13,P000003
5547,F|4|54|||20251,08,V,E13,P000003
5547,F|4|54|||20251,18,V,E13,P000003
5547,G|4|54|||20251,13,M,F36,P000103
5547,G|4|54|||20251,20,X,F36,P000103
5547,G|4|54|||20251,18,J,F36,P000103
6541,F|4|54|||20251,19,J,G24,P000044
6541,F|4|54|||20251,11,V,G24,P000044
6541,F|4|54|||20251,14,V,G24,P000044
6541,G|4|54|||20251,12,L,E27,P000001
6541,G|4|54|||20251,12,M,E27,P000001
6541,G|4|54|||20251,14,J,E27,P000001
6541,H|4|54|||20251,13,L,E15,P000024
6541,H|4|54|||20251,09,J,E15,P000024
6541,H|4|54|||20251,17,J,E15,P000024
6543,F|4|54|||20251,13,L,F20,P000045
6543,F|4|54|||20251,19,X,F20,P000045
6543,F|4|54|||20251,17,V,F20,P000045
6544,F|4|54|||20251,11,L,E17,P000037
6544,F|4|54|||20251,11,J,E17,P000037
6544,F|4|54|||20251,12,J,E17,P000037
6546,F|4|54|||20251,08,L,E16,P000070
6546,F|4|54|||20251,16,M,E16,P000070
6546,F|4|54|||20251,12,X,E16,P000070
6546,G|4|54|||20251,18,L,U13,P000003
6546,G|4|54|||20251,11,J,U13,P000003
6546,G|4|54|||20251,13,V,U13,P000003
7541,F|4|54|||20251,14,M,U14,P000090
7541,F|4|54|||20251,15,X,U14,P000090
7541,F|4|54|||20251,20,J,U14,P000090
7541,G|4|54|||20251,14,L,E34,P000005
7541,G|4|54|||20251,15,L,E34,P000005
7541,G|4|54|||20251,13,X,E34,P000005
3547,B|4|54|||20251~S1,16,L,F36,P000010
3547,B|4|54|||20251~S1,07,X,F36,P000010
3547,B|4|54|||20251~S1,10,X,F36,P000010
4547,B|4|54|||20251~S1,07,M,A11,P000004
4547,B|4|54|||20251~S1,17,M,A11,P000004
4547,B|4|54|||20251~S1,15,X,A11,P000004
754U,B|4|54|||20251~S1,07,J,F20,P000078
754U,B|4|54|||20251~S1,09,J,F20,P000078
754U,B|4|54|||20251~S1,19,V,F20,P000078
754V,B|4|54|||20251~S1,18,X,CIM,P000034
754V,B|4|54|||20251~S1,11,J,CIM,P000034
754V,B|4|54|||20251~S1,16,J,CIM,P000034
754V,B|4|54|||20251~S1,18,J,CIM,P000034
754W,B|4|54|||20251~S1,08,M,LM1,P000034
754W,B|4|54|||20251~S1,14,X,LM1,P000034
754W,B|4|54|||20251~S1,17,J,LM1,P000034
754W,B|4|54|||20251~S1,13,V,LM1,P000034
8543,B|4|54|||20251~S1,11,L,LM2,P000077
8543,B|4|54|||20251~S1,18,L,LM2,P000077
8543,B|4|54|||20251~S1,20,L,LM2,P000077
8543,B|4|54|||20251~S1,16,M,LM2,P000077
854G,B|4|54|||20251~S1,11,M,E23,P000007
854G,B|4|54|||20251~S1,14,M,E23,P000007
854G,B|4|54|||20251~S1,12,V,E23,P000007
9541,B|4|54|||20251~S1,12,M,E28,P000010
2544,B|4|54|||20251~S1,21,L,F36,P000029
2544,B|4|54|||20251~S1,20,M,F36,P000029
2544,B|4|54|||20251~S1,14,V,F36,P000029
7546,B|4|54|||20251~S1,09,L,E37,P000050
7546,B|4|54|||20251~S1,19,L,E37,P000050
7546,B|4|54|||20251~S1,13,X,E37,P000050
4546,B|4|54|||20251~S1,13,L,E14,P000002
4546,B|4|54|||20251~S1,14,L,E14,P000002
4546,B|4|54|||20251~S1,08,J,E14,P000002
5542,B|4|54|||20251~S1,12,L,G21,P000037
5542,B|4|54|||20251~S1,12,X,G21,P000037
5542,B|4|54|||20251~S1,15,V,G21,P000037
1541,B|4|54|||20251~S1,18,M,E26,P000038
1541,B|4|54|||20251~S1,11,V,E26,P000038
1541,B|4|54|||20251~S1,18,V,E26,P000038
2541,B|4|54|||20251~S1,11,X,E14,P000121
2541,B|4|54|||20251~S1,16,X,E14,P000121
2541,B|4|54|||20251~S1,20,X,E14,P000121
2546,B|4|54|||20251~S1,19,J,E31,P000003
2546,B|4|54|||20251~S1,09,V,E31,P000003
2546,B|4|54|||20251~S1,17,V,E31,P000003
3542,B|4|54|||20251~S1,19,X,E31,P000075
3542,B|4|54|||20251~S1,15,J,E31,P000075
3542,B|4|54|||20251~S1,20,J,E31,P000075
4542,B|4|54|||20251~S1,08,X,E25,P000058
4542,B|4|54|||20251~S1,17,X,E25,P000058
4542,B|4|54|||20251~S1,16,V,E25,P000058
5544,B|4|54|||20251~S1,08,L,E28,P000051
5544,B|4|54|||20251~S1,15,M,E28,P000051
5544,B|4|54|||20251~S1,10,V,E28,P000051
6541,B|4|54|||20251~S1,07,L,2A1,P000010
6541,B|4|54|||20251~S1,15,L,2A1,P000010
6541,B|4|54|||20251~S1,20,V,2A1,P000010
6547,B|4|54|||20251~S1,17,L,F36,P000008
6547,B|4|54|||20251~S1,21,X,F36,P000008
6547,B|4|54|||20251~S1,12,J,F36,P000008
8542,B|4|54|||20251~S1,10,M,F31,P000081
8542,B|4|54|||20251~S1,07,V,F31,P000081
8542,B|4|54|||20251~S1,08,V,F31,P000081
654H,B|4|54|||20251~S2,17,M,2A2,P000049
654H,B|4|54|||20251~S2,09,J,2A2,P000049
654H,B|4|54|||20251~S2,21,V,2A2,P000049
654I,B|4|54|||20251~S2,12,L,X11,P000049
654I,B|4|54|||20251~S2,07,M,X11,P000049
654I,B|4|54|||20251~S2,20,V,X11,P000049
754T,B|4|54|||20251~S2,20,L,C12,P000007
754T,B|4|54|||20251~S2,12,M,C12,P000007
754T,B|4|54|||20251~S2,16,J,C12,P000007
854Q,B|4|54|||20251~S2,08,M,2A2,P000007
854Q,B|4|54|||20251~S2,12,X,2A2,P000007
854Q,B|4|54|||20251~S2,16,V,2A2,P000007
654O,B|4|54|||20251~S2,09,M,F15,P000040
654O,B|4|54|||20251~S2,13,M,F15,P000040
654O,B|4|54|||20251~S2,11,V,F15,P000040
654P,B|4|54|||20251~S2,10,L,LM1,P000040
654P,B|4|54|||20251~S2,19,M,LM1,P000040
654P,B|4|54|||20251~S2,20,X,LM1,P000040
654P,B|4|54|||20251~S2,12,J,LM1,P000040
854S,B|4|54|||20251~S2,21,L,G21,P000001
854S,B|4|54|||20251~S2,13,X,G21,P000001
854S,B|4|54|||20251~S2,21,X,G21,P000001
854T,B|4|54|||20251~S2,20,M,LM1,P000013
854T,B|4|54|||20251~S2,18,J,LM1,P000013
854T,B|4|54|||20251~S2,10,V,LM1,P000013
854T,B|4|54|||20251~S2,15,V,LM1,P000013
4545,B|4|54|||20251~S2,14,L,E33,P000003
4545,B|4|54|||20251~S2,11,X,E33,P000003
4545,B|4|54|||20251~S2,17,J,E33,P000003
5546,B|4|54|||20251~S2,15,L,E16,P000120
5546,B|4|54|||20251~S2,14,X,E16,P000120
5546,B|4|54|||20251~S2,14,V,E16,P000120
6544,B|4|54|||20251~S2,07,L,E31,P000008
6544,B|4|54|||20251~S2,19,L,E31,P000008
6544,B|4|54|||20251~S2,15,X,E31,P000008
6546,B|4|54|||20251~S2,15,M,E3A,P000064
6546,B|4|54|||20251~S2,08,X,E3A,P000064
6546,B|4|54|||20251~S2,18,X,E3A,P000064
1546,B|4|54|||20251~S2,09,L,E26,P000102
1546,B|4|54|||20251~S2,17,L,E26,P000102
1546,B|4|54|||20251~S2,19,X,E26,P000102
2545,B|4|54|||20251~S2,08,L,E31,P000009
2545,B|4|54|||20251~S2,16,M,E31,P000009
2545,B|4|54|||20251~S2,11,J,E31,P000009
3541,B|4|54|||20251~S2,10,M,E31,P000113
3541,B|4|54|||20251~S2,07,J,E31,P000113
3541,B|4|54|||20251~S2,14,J,E31,P000113
4541,B|4|54|||20251~S2,21,M,E37,P000113
4541,B|4|54|||20251~S2,09,X,E37,P000113
4541,B|4|54|||20251~S2,21,J,E37,P000113
5541,B|4|54|||20251~S2,18,L,E26,P000046
5541,B|4|54|||20251~S2,14,M,E26,P000046
5541,B|4|54|||20251~S2,17,X,E26,P000046
5547,B|4|54|||20251~S2,15,J,E26,P000045
5547,B|4|54|||20251~S2,20,J,E26,P000045
5547,B|4|54|||20251~S2,19,V,E26,P000045
6543,B|4|54|||20251~S2,16,L,E13,P000045
6543,B|4|54|||20251~S2,18,M,E13,P000045
6543,B|4|54|||20251~S2,13,V,E13,P000045
7542,B|4|54|||20251~S2,11,M,E32,P000006
7542,B|4|54|||20251~S2,12,V,E32,P000006
7542,B|4|54|||20251~S2,17,V,E32,P000006
0540,B|4|54|||20251~S2,16,X,E32,P000035
7543,B|4|54|||20251~S3,20,L,LM1,P000099
7543,B|4|54|||20251~S3,09,M,LM1,P000099
7543,B|4|54|||20251~S3,17,M,LM1,P000099
7543,B|4|54|||20251~S3,13,X,LM1,P000099
754H,B|4|54|||20251~S3,12,X,E12,P000098
754H,B|4|54|||20251~S3,16,X,E12,P000098
754H,B|4|54|||20251~S3,20,X,E12,P000098
754I,B|4|54|||20251~S3,20,M,2A1,P000007
754I,B|4|54|||20251~S3,08,J,2A1,P000007
754I,B|4|54|||20251~S3,18,J,2A1,P000007
654F,B|4|54|||20251~S3,18,M,E16,P000008
654F,B|4|54|||20251~S3,11,V,E16,P000008
654F,B|4|54|||20251~S3,18,V,E16,P000008
654G,B|4|54|||20251~S3,07,X,T12,P000111
654G,B|4|54|||20251~S3,07,J,T12,P000111
654G,B|4|54|||20251~S3,20,J,T12,P000111
854H,B|4|54|||20251~S3,13,J,G25,P000111
854H,B|4|54|||20251~S3,19,J,G25,P000111
854H,B|4|54|||20251~S3,12,V,G25,P000111
1544,B|4|54|||20251~S3,14,X,Z23,P000092
1544,B|4|54|||20251~S3,15,V,Z23,P000092
1544,B|4|54|||20251~S3,19,V,Z23,P000092
2542,B|4|54|||20251~S3,10,L,E19,P000032
2542,B|4|54|||20251~S3,15,X,E19,P000032
2542,B|4|54|||20251~S3,07,V,E19,P000032
3543,B|4|54|||20251~S3,19,L,Z23,P000051
3543,B|4|54|||20251~S3,11,M,Z23,P000051
3543,B|4|54|||20251~S3,14,M,Z23,P000051
4544,B|4|54|||20251~S3,21,L,E28,P000051
4544,B|4|54|||20251~S3,10,X,E28,P000051
4544,B|4|54|||20251~S3,11,J,E28,P000051
5543,B|4|54|||20251~S3,15,M,E31,P000086
5543,B|4|54|||20251~S3,21,M,E31,P000086
5543,B|4|54|||20251~S3,13,V,E31,P000086
6545,B|4|54|||20251~S3,13,M,E37,P000003
6545,B|4|54|||20251~S3,18,X,E37,P000003
6545,B|4|54|||20251~S3,20,V,E37,P000003
1542,B|4|54|||20251~S3,11,L,E26,P000042
1542,B|4|54|||20251~S3,08,X,E26,P000042
1542,B|4|54|||20251~S3,10,J,E26,P000042
2543,B|4|54|||20251~S3,15,L,E26,P000069
2543,B|4|54|||20251~S3,19,M,E26,P000069
2543,B|4|54|||20251~S3,10,V,E26,P000069
2547,B|4|54|||20251~S3,08,L,E12,P000004
2547,B|4|54|||20251~S3,16,J,E12,P000004
2547,B|4|54|||20251~S3,08,V,E12,P000004
3545,B|4|54|||20251~S3,19,X,E28,P000080
3545,B|4|54|||20251~S3,09,J,E28,P000080
3545,B|4|54|||20251~S3,15,J,E28,P000080
4543,B|4|54|||20251~S3,12,M,E33,P000096
4543,B|4|54|||20251~S3,21,X,E33,P000096
4543,B|4|54|||20251~S3,21,J,E33,P000096
5545,B|4|54|||20251~S3,10,M,E13,P000078
5545,B|4|54|||20251~S3,11,X,E13,P000078
5545,B|4|54|||20251~S3,09,V,E13,P000078
6542,B|4|54|||20251~S3,07,L,A11,P000007
6542,B|4|54|||20251~S3,16,L,A11,P000007
6542,B|4|54|||20251~S3,21,V,A11,P000007
7541,B|4|54|||20251~S3,17,L,G23,P000045
7541,B|4|54|||20251~S3,07,M,G23,P000045
7541,B|4|54|||20251~S3,16,M,G23,P000045
854R,B|4|54|||20251~S3,09,L,F28,P000052
854R,B|4|54|||20251~S3,12,J,F28,P000052
854R,B|4|54|||20251~S3,14,J,F28,P000052
0540,A|4|54|||20251~S1,09,M,E33,P000035
2547,A|4|54|||20251~S1,07,X,E37,P000095
2547,A|4|54|||20251~S1,10,V,E37,P000095
2547,A|4|54|||20251~S1,12,V,E37,P000095
3543,A|4|54|||20251~S1,12,J,E21,P000009
3543,A|4|54|||20251~S1,08,V,E21,P000009
3543,A|4|54|||20251~S1,18,V,E21,P000009
3547,A|4|54|||20251~S1,15,M,G22,P000010
3547,A|4|54|||20251~S1,16,M,G22,P000010
3547,A|4|54|||20251~S1,17,X,G22,P000010
6544,A|4|54|||20251~S1,17,M,E33,P000086
6544,A|4|54|||20251~S1,15,X,E33,P000086
6544,A|4|54|||20251~S1,19,X,E33,P000086
654H,A|4|54|||20251~S1,08,J,E26,P000006
654H,A|4|54|||20251~S1,16,J,E26,P000006
654H,A|4|54|||20251~S1,14,V,E26,P000006
654I,A|4|54|||20251~S1,16,L,F20,P000049
654I,A|4|54|||20251~S1,11,X,F20,P000049
654I,A|4|54|||20251~S1,19,J,F20,P000049
9541,A|4|54|||20251~S1,17,L,E31,P000004
3541,A|4|54|||20251~S1,10,L,A11,P000008
3541,A|4|54|||20251~S1,15,L,A11,P000008
3541,A|4|54|||20251~S1,18,L,A11,P000008
5545,A|4|54|||20251~S1,11,L,F20,P000004
5545,A|4|54|||20251~S1,14,L,F20,P000004
5545,A|4|54|||20251~S1,11,M,F20,P000004
754T,A|4|54|||20251~S1,13,L,F14,P000049
754T,A|4|54|||20251~S1,17,J,F14,P000049
754T,A|4|54|||20251~S1,19,V,F14,P000049
854Q,A|4|54|||20251~S1,12,L,Z23,P000087
854Q,A|4|54|||20251~S1,13,X,Z23,P000087
854Q,A|4|54|||20251~S1,21,J,Z23,P000087
1546,A|4|54|||20251~S1,10,M,Z23,P000102
1546,A|4|54|||20251~S1,07,V,Z23,P000102
1546,A|4|54|||20251~S1,11,V,Z23,P000102
2544,A|4|54|||20251~S1,09,L,X22,P000066
2544,A|4|54|||20251~S1,16,X,X22,P000066
2544,A|4|54|||20251~S1,13,J,X22,P000066
3542,A|4|54|||20251~S1,08,X,E32,P000104
3542,A|4|54|||20251~S1,10,J,E32,P000104
3542,A|4|54|||20251~S1,11,J,E32,P000104
4542,A|4|54|||20251~S1,20,L,U11,P000074
4542,A|4|54|||20251~S1,12,X,U11,P000074
4542,A|4|54|||20251~S1,09,J,U11,P000074
4545,A|4|54|||20251~S1,07,M,G24,P000120
4545,A|4|54|||20251~S1,14,M,G24,P000120
4545,A|4|54|||20251~S1,20,X,G24,P000120
5543,A|4|54|||20251~S1,12,M,F17,P000116
5543,A|4|54|||20251~S1,19,M,F17,P000116
5543,A|4|54|||20251~S1,09,V,F17,P000116
6541,A|4|54|||20251~S1,21,L,E24,P000090
6541,A|4|54|||20251~S1,20,M,E24,P000090
6541,A|4|54|||20251~S1,21,M,E24,P000090
654F,A|4|54|||20251~S1,13,M,F24,P000081
654F,A|4|54|||20251~S1,18,X,F24,P000081
654F,A|4|54|||20251~S1,20,J,F24,P000081
754H,A|4|54|||20251~S1,14,X,E17,P000098
754H,A|4|54|||20251~S1,18,J,E17,P000098
754H,A|4|54|||20251~S1,16,V,E17,P000098
854G,A|4|54|||20251~S1,07,L,F17,P000043
854G,A|4|54|||20251~S1,19,L,F17,P000043
854G,A|4|54|||20251~S1,09,X,F17,P000043
654G,A|4|54|||20251~S2,10,L,F20,P000005
654G,A|4|54|||20251~S2,14,M,F20,P000005
654G,A|4|54|||20251~S2,07,V,F20,P000005
754I,A|4|54|||20251~S2,10,J,F28,P000111
754I,A|4|54|||20251~S2,11,J,F28,P000111
754I,A|4|54|||20251~S2,15,V,F28,P000111
854H,A|4|54|||20251~S2,14,L,E25,P000091
854H,A|4|54|||20251~S2,10,X,E25,P000091
854H,A|4|54|||20251~S2,08,V,E25,P000091
654O,A|4|54|||20251~S2,17,L,2A2,P000040
654O,A|4|54|||20251~S2,13,J,2A2,P000040
654O,A|4|54|||20251~S2,18,J,2A2,P000040
654P,A|4|54|||20251~S2,16,L,CIM,P000040
654P,A|4|54|||20251~S2,17,M,CIM,P000040
654P,A|4|54|||20251~S2,18,M,CIM,P000040
654P,A|4|54|||20251~S2,09,X,CIM,P000040
1544,A|4|54|||20251~S2,07,L,2A2,P000005
1544,A|4|54|||20251~S2,20,M,2A2,P000005
1544,A|4|54|||20251~S2,20,X,2A2,P000005
2542,A|4|54|||20251~S2,15,L,Z23,P000062
2542,A|4|54|||20251~S2,07,M,Z23,P000062
2542,A|4|54|||20251~S2,08,J,Z23,P000062
5542,A|4|54|||20251~S2,12,L,A11,P000004
5542,A|4|54|||20251~S2,07,J,A11,P000004
5542,A|4|54|||20251~S2,12,V,A11,P000004
6543,A|4|54|||20251~S2,18,L,F15,P000086
6543,A|4|54|||20251~S2,18,V,F15,P000086
6543,A|4|54|||20251~S2,20,V,F15,P000086
7543,A|4|54|||20251~S2,08,L,CIM,P000099
7543,A|4|54|||20251~S2,15,M,CIM,P000099
7543,A|4|54|||20251~S2,16,M,CIM,P000099
7543,A|4|54|||20251~S2,21,M,CIM,P000099
2541,A|4|54|||20251~S2,09,L,A11,P000003
2541,A|4|54|||20251~S2,19,M,A11,P000003
2541,A|4|54|||20251~S2,16,V,A11,P000003
2545,A|4|54|||20251~S2,19,X,X12,P000039
2545,A|4|54|||20251~S2,15,J,X12,P000039
2545,A|4|54|||20251~S2,16,J,X12,P000039
3545,A|4|54|||20251~S2,11,X,E31,P000036
3545,A|4|54|||20251~S2,14,X,E31,P000036
3545,A|4|54|||20251~S2,14,V,E31,P000036
4543,A|4|54|||20251~S2,07,X,F3C,P000088
4543,A|4|54|||20251~S2,21,J,F3C,P000088
4543,A|4|54|||20251~S2,13,V,F3C,P000088
4546,A|4|54|||20251~S2,13,L,E26,P000007
4546,A|4|54|||20251~S2,13,M,E26,P000007
4546,A|4|54|||20251~S2,12,J,E26,P000007
5544,A|4|54|||20251~S2,20,L,F14,P000031
5544,A|4|54|||20251~S2,19,J,F14,P000031
5544,A|4|54|||20251~S2,11,V,F14,P000031
6542,A|4|54|||20251~S2,19,L,E19,P000065
6542,A|4|54|||20251~S2,10,M,E19,P000065
6542,A|4|54|||20251~S2,13,X,E19,P000065
7542,A|4|54|||20251~S2,09,M,E17,P000052
7542,A|4|54|||20251~S2,11,M,E17,P000052
7542,A|4|54|||20251~S2,15,X,E17,P000052
754U,A|4|54|||20251~S2,12,M,F20,P000078
754U,A|4|54|||20251~S2,12,X,F20,P000078
754U,A|4|54|||20251~S2,10,V,F20,P000078
754V,A|4|54|||20251~S3,14,L,LM1,P000034
754V,A|4|54|||20251~S3,10,M,LM1,P000034
754V,A|4|54|||20251~S3,15,X,LM1,P000034
754V,A|4|54|||20251~S3,17,X,LM1,P000034
754W,A|4|54|||20251~S3,12,L,LM1,P000034
754W,A|4|54|||20251~S3,19,L,LM1,P000034
754W,A|4|54|||20251~S3,13,M,LM1,P000034
754W,A|4|54|||20251~S3,13,J,LM1,P000034
5546,A|4|54|||20251~S3,09,L,E34,P000120
5546,A|4|54|||20251~S3,15,M,E34,P000120
5546,A|4|54|||20251~S3,09,X,E34,P000120
8543,A|4|54|||20251~S3,17,L,CIM,P000003
8543,A|4|54|||20251~S3,14,M,CIM,P000003
8543,A|4|54|||20251~S3,13,X,CIM,P000003
8543,A|4|54|||20251~S3,10,J,CIM,P000003
854S,A|4|54|||20251~S3,07,X,F28,P000009
854S,A|4|54|||20251~S3,21,J,F28,P000009
854S,A|4|54|||20251~S3,21,V,F28,P000009
854T,A|4|54|||20251~S3,18,L,LM1,P000013
854T,A|4|54|||20251~S3,16,M,LM1,P000013
854T,A|4|54|||20251~S3,07,J,LM1,P000013
854T,A|4|54|||20251~S3,09,V,LM1,P000013
6545,A|4|54|||20251~S3,14,J,F20,P000112
6545,A|4|54|||20251~S3,18,J,F20,P000112
6545,A|4|54|||20251~S3,13,V,F20,P000112
854R,A|4|54|||20251~S3,10,L,F33,P000009
854R,A|4|54|||20251~S3,09,M,F33,P000009
854R,A|4|54|||20251~S3,19,J,F33,P000009
1541,A|4|54|||20251~S3,07,L,F14,P000115
1541,A|4|54|||20251~S3,20,J,F14,P000115
1541,A|4|54|||20251~S3,10,V,F14,P000115
1542,A|4|54|||20251~S3,12,M,E24,P000055
1542,A|4|54|||20251~S3,08,X,E24,P000055
1542,A|4|54|||20251~S3,07,V,E24,P000055
2543,A|4|54|||20251~S3,14,X,E13,P000110
2543,A|4|54|||20251~S3,18,X,E13,P000110
2543,A|4|54|||20251~S3,20,V,E13,P000110
2546,A|4|54|||20251~S3,18,M,Y12,P000079
2546,A|4|54|||20251~S3,12,X,Y12,P000079
2546,A|4|54|||20251~S3,09,J,Y12,P000079
4541,A|4|54|||20251~S3,08,M,C12,P000083
4541,A|4|54|||20251~S3,20,M,C12,P000083
4541,A|4|54|||20251~S3,15,J,C12,P000083
4544,A|4|54|||20251~S3,11,L,E25,P000051
4544,A|4|54|||20251~S3,21,X,E25,P000051
4544,A|4|54|||20251~S3,17,J,E25,P000051
4547,A|4|54|||20251~S3,13,L,E34,P000008
4547,A|4|54|||20251~S3,11,X,E34,P000008
4547,A|4|54|||20251~S3,08,J,E34,P000008
5547,A|4|54|||20251~S3,16,L,U23,P000072
5547,A|4|54|||20251~S3,11,V,U23,P000072
5547,A|4|54|||20251~S3,14,V,U23,P000072
6546,A|4|54|||20251~S3,11,M,G26,P000064
6546,A|4|54|||20251~S3,19,M,G26,P000064
6546,A|4|54|||20251~S3,19,V,G26,P000064
7546,A|4|54|||20251~S3,20,X,E19,P000048
7546,A|4|54|||20251~S3,12,J,E19,P000048
7546,A|4|54|||20251~S3,12,V,E19,P000048
8542,A|4|54|||20251~S3,21,L,X22,P000002
8542,A|4|54|||20251~S3,10,X,X22,P000002
8542,A|4|54|||20251~S3,15,V,X22,P000002
3547,C|4|54|||20251~S1,07,M,E32,P000009
3547,C|4|54|||20251~S1,11,X,E32,P000009
3547,C|4|54|||20251~S1,20,V,E32,P000009
6543,C|4|54|||20251~S1,20,X,Z21,P000045
6543,C|4|54|||20251~S1,07,J,Z21,P000045
6543,C|4|54|||20251~S1,12,J,Z21,P000045
6544,C|4|54|||20251~S1,08,L,X13,P000037
6544,C|4|54|||20251~S1,14,L,X13,P000037
6544,C|4|54|||20251~S1,13,X,X13,P000037
9541,C|4|54|||20251~S1,15,M,E26,P000005
3541,C|4|54|||20251~S1,18,J,E28,P000001
3541,C|4|54|||20251~S1,07,V,E28,P000001
3541,C|4|54|||20251~S1,15,V,E28,P000001
4541,C|4|54|||20251~S1,17,L,X22,P000005
4541,C|4|54|||20251~S1,21,X,X22,P000005
4541,C|4|54|||20251~S1,11,V,X22,P000005
7543,C|4|54|||20251~S1,12,L,LM2,P000099
7543,C|4|54|||20251~S1,16,L,LM2,P000099
7543,C|4|54|||20251~S1,08,M,LM2,P000099
7543,C|4|54|||20251~S1,13,V,LM2,P000099
1542,C|4|54|||20251~S1,15,L,E15,P000017
1542,C|4|54|||20251~S1,12,M,E15,P000017
1542,C|4|54|||20251~S1,10,V,E15,P000017
1544,C|4|54|||20251~S1,21,M,E28,P000030
1544,C|4|54|||20251~S1,08,X,E28,P000030
1544,C|4|54|||20251~S1,17,J,E28,P000030
2542,C|4|54|||20251~S1,17,M,E16,P000062
2542,C|4|54|||20251~S1,20,M,E16,P000062
2542,C|4|54|||20251~S1,15,X,E16,P000062
2545,C|4|54|||20251~S1,09,M,E26,P000011
2545,C|4|54|||20251~S1,10,M,E26,P000011
2545,C|4|54|||20251~S1,09,V,E26,P000011
2547,C|4|54|||20251~S1,16,M,E37,P000093
2547,C|4|54|||20251~S1,19,M,E37,P000093
2547,C|4|54|||20251~S1,10,J,E37,P000093
3543,C|4|54|||20251~S1,18,M,E27,P000009
3543,C|4|54|||20251~S1,12,X,E27,P000009
3543,C|4|54|||20251~S1,17,V,E27,P000009
4543,C|4|54|||20251~S1,11,M,G25,P000012
4543,C|4|54|||20251~S1,13,M,G25,P000012
4543,C|4|54|||20251~S1,14,J,G25,P000012
4546,C|4|54|||20251~S1,17,X,E12,P000008
4546,C|4|54|||20251~S1,18,X,E12,P000008
4546,C|4|54|||20251~S1,19,X,E12,P000008
5541,C|4|54|||20251~S1,10,L,E37,P000021
5541,C|4|54|||20251~S1,11,L,E37,P000021
5541,C|4|54|||20251~S1,20,J,E37,P000021
5543,C|4|54|||20251~S1,07,L,F35,P000006
5543,C|4|54|||20251~S1,09,X,F35,P000006
5543,C|4|54|||20251~S1,16,V,F35,P000006
5546,C|4|54|||20251~S1,13,L,U22,P000076
5546,C|4|54|||20251~S1,21,L,U22,P000076
5546,C|4|54|||20251~S1,14,V,U22,P000076
6541,C|4|54|||20251~S1,16,X,F17,P000002
6541,C|4|54|||20251~S1,08,V,F17,P000002
6541,C|4|54|||20251~S1,21,V,F17,P000002
6545,C|4|54|||20251~S1,10,X,F20,P000005
6545,C|4|54|||20251~S1,15,J,F20,P000005
6545,C|4|54|||20251~S1,21,J,F20,P000005
6547,C|4|54|||20251~S1,18,L,G11,P000001
6547,C|4|54|||20251~S1,20,L,G11,P000001
6547,C|4|54|||20251~S1,08,J,G11,P000001
8542,C|4|54|||20251~S1,09,J,F28,P000081
8542,C|4|54|||20251~S1,18,V,F28,P000081
8542,C|4|54|||20251~S1,19,V,F28,P000081
7542,C|4|54|||20251~S2,14,M,E37,P000077
7542,C|4|54|||20251~S2,09,J,E37,P000077
7542,C|4|54|||20251~S2,09,V,E37,P000077
8543,C|4|54|||20251~S2,17,L,LM2,P000077
8543,C|4|54|||20251~S2,19,L,LM2,P000077
8543,C|4|54|||20251~S2,15,M,LM2,P000077
8543,C|4|54|||20251~S2,13,X,LM2,P000077
2544,C|4|54|||20251~S2,07,X,E19,P000005
2544,C|4|54|||20251~S2,16,X,E19,P000005
2544,C|4|54|||20251~S2,17,V,E19,P000005
7546,C|4|54|||20251~S2,14,X,U21,P000066
7546,C|4|54|||20251~S2,19,X,U21,P000066
7546,C|4|54|||20251~S2,20,V,U21,P000066
4544,C|4|54|||20251~S2,12,L,E23,P000031
4544,C|4|54|||20251~S2,08,M,E23,P000031
4544,C|4|54|||20251~S2,13,J,E23,P000031
5544,C|4|54|||20251~S2,20,M,G23,P000051
5544,C|4|54|||20251~S2,12,V,G23,P000051
5544,C|4|54|||20251~S2,14,V,G23,P000051
1541,C|4|54|||20251~S2,11,M,T12,P000071
1541,C|4|54|||20251~S2,10,X,T12,P000071
1541,C|4|54|||20251~S2,18,V,T12,P000071
1543,C|4|54|||20251~S2,13,M,E28,P000054
1543,C|4|54|||20251~S2,19,M,E28,P000054
1543,C|4|54|||20251~S2,10,J,E28,P000054
1546,C|4|54|||20251~S2,17,M,E26,P000002
1546,C|4|54|||20251~S2,11,X,E26,P000002
1546,C|4|54|||20251~S2,17,J,E26,P000002
2543,C|4|54|||20251~S2,09,L,X13,P000108
2543,C|4|54|||20251~S2,11,V,X13,P000108
2543,C|4|54|||20251~S2,16,V,X13,P000108
2546,C|4|54|||20251~S2,15,X,E28,P000056
2546,C|4|54|||20251~S2,20,X,E28,P000056
2546,C|4|54|||20251~S2,20,J,E28,P000056
3542,C|4|54|||20251~S2,09,M,E37,P000075
3542,C|4|54|||20251~S2,10,M,E37,P000075
3542,C|4|54|||20251~S2,07,J,E37,P000075
3545,C|4|54|||20251~S2,13,L,E37,P000100
3545,C|4|54|||20251~S2,07,M,E37,P000100
3545,C|4|54|||20251~S2,12,X,E37,P000100
4545,C|4|54|||20251~S2,15,L,E28,P000073
4545,C|4|54|||20251~S2,16,J,E28,P000073
4545,C|4|54|||20251~S2,19,V,E28,P000073
4547,C|4|54|||20251~S2,21,X,E37,P000002
4547,C|4|54|||20251~S2,18,J,E37,P000002
4547,C|4|54|||20251~S2,13,V,E37,P000002
5542,C|4|54|||20251~S2,12,J,U11,P000005
5542,C|4|54|||20251~S2,14,J,U11,P000005
5542,C|4|54|||20251~S2,15,V,U11,P000005
5545,C|4|54|||20251~S2,08,L,F25,P000078
5545,C|4|54|||20251~S2,16,M,F25,P000078
5545,C|4|54|||20251~S2,21,J,F25,P000078
5547,C|4|54|||20251~S2,09,X,E23,P000103
5547,C|4|54|||20251~S2,19,J,E23,P000103
5547,C|4|54|||20251~S2,08,V,E23,P000103
6542,C|4|54|||20251~S2,14,L,E32,P000065
6542,C|4|54|||20251~S2,18,M,E32,P000065
6542,C|4|54|||20251~S2,18,X,E32,P000065
6546,C|4|54|||20251~S2,12,M,Z21,P000064
6546,C|4|54|||20251~S2,17,X,Z21,P000064
6546,C|4|54|||20251~S2,21,V,Z21,P000064
7541,C|4|54|||20251~S2,20,L,G21,P000090
7541,C|4|54|||20251~S2,08,X,G21,P000090
7541,C|4|54|||20251~S2,08,J,G21,P000090
2541,D|4|54|||20251~S1,10,M,E28,P000002
2541,D|4|54|||20251~S1,16,M,E28,P000002
2541,D|4|54|||20251~S1,16,V,E28,P000002
2547,D|4|54|||20251~S1,16,X,Y13,P000004
2547,D|4|54|||20251~S1,10,J,Y13,P000004
2547,D|4|54|||20251~S1,19,V,Y13,P000004
5545,D|4|54|||20251~S1,10,X,X12,P000078
5545,D|4|54|||20251~S1,17,X,X12,P000078
5545,D|4|54|||20251~S1,12,V,X12,P000078
9541,D|4|54|||20251~S1,11,M,E31,P000010
2542,D|4|54|||20251~S1,20,L,A11,P000062
2542,D|4|54|||20251~S1,16,J,A11,P000062
2542,D|4|54|||20251~S1,20,V,A11,P000062
2545,D|4|54|||20251~S1,10,L,E28,P000027
2545,D|4|54|||20251~S1,07,X,E28,P000027
2545,D|4|54|||20251~S1,14,V,E28,P000027
3542,D|4|54|||20251~S1,15,L,F20,P000075
3542,D|4|54|||20251~S1,17,M,F20,P000075
3542,D|4|54|||20251~S1,21,M,F20,P000075
3545,D|4|54|||20251~S1,11,X,F36,P000059
3545,D|4|54|||20251~S1,13,X,F36,P000059
3545,D|4|54|||20251~S1,17,J,F36,P000059
4542,D|4|54|||20251~S1,21,L,E33,P000118
4542,D|4|54|||20251~S1,18,J,E33,P000118
4542,D|4|54|||20251~S1,10,V,E33,P000118
4544,D|4|54|||20251~S1,08,X,2A1,P000004
4544,D|4|54|||20251~S1,12,J,2A1,P000004
4544,D|4|54|||20251~S1,19,J,2A1,P000004
4546,D|4|54|||20251~S1,14,L,E31,P000064
4546,D|4|54|||20251~S1,18,M,E31,P000064
4546,D|4|54|||20251~S1,11,V,E31,P000064
5542,D|4|54|||20251~S1,09,M,E25,P000037
5542,D|4|54|||20251~S1,15,X,E25,P000037
5542,D|4|54|||20251~S1,14,J,E25,P000037
5544,D|4|54|||20251~S1,12,L,E33,P000051
5544,D|4|54|||20251~S1,08,M,E33,P000051
5544,D|4|54|||20251~S1,08,V,E33,P000051
5547,D|4|54|||20251~S1,08,L,Z23,P000103
5547,D|4|54|||20251~S1,12,X,Z23,P000103
5547,D|4|54|||20251~S1,19,X,Z23,P000103
6543,D|4|54|||20251~S1,13,M,E33,P000112
6543,D|4|54|||20251~S1,09,J,E33,P000112
6543,D|4|54|||20251~S1,11,J,E33,P000112
6545,D|4|54|||20251~S1,21,J,E15,P000112
6545,D|4|54|||20251~S1,07,V,E15,P000112
6545,D|4|54|||20251~S1,15,V,E15,P000112
7541,D|4|54|||20251~S1,07,M,E12,P000007
7541,D|4|54|||20251~S1,21,X,E12,P000007
7541,D|4|54|||20251~S1,09,V,E12,P000007
7546,D|4|54|||20251~S1,13,L,E17,P000048
7546,D|4|54|||20251~S1,19,L,E17,P000048
7546,D|4|54|||20251~S1,18,V,E17,P000048
7543,D|4|54|||20251~S2,07,L,V11,P000098
7543,D|4|54|||20251~S2,21,L,V11,P000098
7543,D|4|54|||20251~S2,12,V,V11,P000098
7543,D|4|54|||20251~S2,19,V,V11,P000098
8543,D|4|54|||20251~S2,14,L,CIM,P000077
8543,D|4|54|||20251~S2,11,M,CIM,P000077
8543,D|4|54|||20251~S2,20,X,CIM,P000077
8543,D|4|54|||20251~S2,19,J,CIM,P000077
1542,D|4|54|||20251~S2,16,L,Y13,P000055
1542,D|4|54|||20251~S2,12,X,Y13,P000055
1542,D|4|54|||20251~S2,13,V,Y13,P000055
2543,D|4|54|||20251~S2,15,L,E33,P000110
2543,D|4|54|||20251~S2,08,X,E33,P000110
2543,D|4|54|||20251~S2,13,J,E33,P000110
2546,D|4|54|||20251~S2,18,L,F3A,P000079
2546,D|4|54|||20251~S2,07,X,F3A,P000079
2546,D|4|54|||20251~S2,15,J,F3A,P000079
3543,D|4|54|||20251~S2,10,L,E31,P000051
3543,D|4|54|||20251~S2,09,M,E31,P000051
3543,D|4|54|||20251~S2,17,X,E31,P000051
4541,D|4|54|||20251~S2,07,M,F20,P000006
4541,D|4|54|||20251~S2,16,M,F20,P000006
4541,D|4|54|||20251~S2,21,X,F20,P000006
4543,D|4|54|||20251~S2,20,M,F20,P000006
4543,D|4|54|||20251~S2,09,V,F20,P000006
4543,D|4|54|||20251~S2,11,V,F20,P000006
4545,D|4|54|||20251~S2,09,L,E25,P000073
4545,D|4|54|||20251~S2,19,M,E25,P000073
4545,D|4|54|||20251~S2,11,J,E25,P000073
5541,D|4|54|||20251~S2,19,L,F3A,P000004
5541,D|4|54|||20251~S2,14,M,F3A,P000004
5541,D|4|54|||20251~S2,16,V,F3A,P000004
5543,D|4|54|||20251~S2,12,L,F20,P000086
5543,D|4|54|||20251~S2,08,M,F20,P000086
5543,D|4|54|||20251~S2,12,J,F20,P000086
5546,D|4|54|||20251~S2,08,L,F3A,P000120
5546,D|4|54|||20251~S2,10,M,F3A,P000120
5546,D|4|54|||20251~S2,08,J,F3A,P000120
6541,D|4|54|||20251~S2,16,X,E37,P000090
6541,D|4|54|||20251~S2,14,J,E37,P000090
6541,D|4|54|||20251~S2,08,V,E37,P000090
6544,D|4|54|||20251~S2,07,J,E23,P000086
6544,D|4|54|||20251~S2,14,V,E23,P000086
6544,D|4|54|||20251~S2,17,V,E23,P000086
6547,D|4|54|||20251~S2,14,X,X11,P000033
6547,D|4|54|||20251~S2,10,J,X11,P000033
6547,D|4|54|||20251~S2,21,J,X11,P000033
7542,D|4|54|||20251~S2,11,L,U12,P000052
7542,D|4|54|||20251~S2,20,L,U12,P000052
7542,D|4|54|||20251~S2,10,V,U12,P000052
8542,D|4|54|||20251~S2,17,M,X12,P000005
8542,D|4|54|||20251~S2,17,J,X12,P000005
8542,D|4|54|||20251~S2,20,V,X12,P000005
4544,E|4|54|||20251~S1,16,L,E37,P000001
4544,E|4|54|||20251~S1,17,L,E37,P000001
4544,E|4|54|||20251~S1,14,V,E37,P000001
5542,E|4|54|||20251~S1,15,M,E13,P000004
5542,E|4|54|||20251~S1,16,M,E13,P000004
5542,E|4|54|||20251~S1,15,J,E13,P000004
6543,E|4|54|||20251~S1,19,L,E14,P000112
6543,E|4|54|||20251~S1,18,M,E14,P000112
6543,E|4|54|||20251~S1,09,V,E14,P000112
9541,E|4|54|||20251~S1,19,X,X11,P000002
2541,E|4|54|||20251~S1,11,L,E31,P000002
2541,E|4|54|||20251~S1,12,L,E31,P000002
2541,E|4|54|||20251~S1,10,J,E31,P000002
2543,E|4|54|||20251~S1,10,M,E23,P000106
2543,E|4|54|||20251~S1,12,M,E23,P000106
2543,E|4|54|||20251~S1,12,X,E23,P000106
2547,E|4|54|||20251~S1,08,L,2A2,P000093
2547,E|4|54|||20251~S1,14,L,2A2,P000093
2547,E|4|54|||20251~S1,16,J,2A2,P000093
3545,E|4|54|||20251~S1,14,X,C12,P000059
3545,E|4|54|||20251~S1,08,J,C12,P000059
3545,E|4|54|||20251~S1,10,V,C12,P000059
5541,E|4|54|||20251~S1,21,L,2A1,P000007
5541,E|4|54|||20251~S1,17,J,2A1,P000007
5541,E|4|54|||20251~S1,11,V,2A1,P000007
5544,E|4|54|||20251~S1,14,M,E28,P000035
5544,E|4|54|||20251~S1,11,X,E28,P000035
5544,E|4|54|||20251~S1,14,J,E28,P000035
6541,E|4|54|||20251~S1,07,M,E34,P000044
6541,E|4|54|||20251~S1,11,M,E34,P000044
6541,E|4|54|||20251~S1,08,V,E34,P000044
6546,E|4|54|||20251~S1,18,L,F20,P000037
6546,E|4|54|||20251~S1,20,J,F20,P000037
6546,E|4|54|||20251~S1,20,V,F20,P000037
5545,E|4|54|||20251~S2,08,M,X12,P000061
5545,E|4|54|||20251~S2,13,J,X12,P000061
5545,E|4|54|||20251~S2,14,J,X12,P000061
8542,E|4|54|||20251~S2,17,L,F3A,P000070
8542,E|4|54|||20251~S2,17,M,F3A,P000070
8542,E|4|54|||20251~S2,18,V,F3A,P000070
8543,E|4|54|||20251~S2,20,L,CIM,P000076
8543,E|4|54|||20251~S2,20,M,CIM,P000076
8543,E|4|54|||20251~S2,08,J,CIM,P000076
8543,E|4|54|||20251~S2,11,V,CIM,P000076
2542,E|4|54|||20251~S2,11,L,E33,P000030
2542,E|4|54|||20251~S2,07,X,E33,P000030
2542,E|4|54|||20251~S2,20,J,E33,P000030
2545,E|4|54|||20251~S2,11,M,E19,P000039
2545,E|4|54|||20251~S2,07,J,E19,P000039
2545,E|4|54|||20251~S2,09,J,E19,P000039
3542,E|4|54|||20251~S2,09,X,T12,P000104
3542,E|4|54|||20251~S2,16,X,T12,P000104
3542,E|4|54|||20251~S2,21,V,T12,P000104
4542,E|4|54|||20251~S2,16,L,F3A,P000074
4542,E|4|54|||20251~S2,13,X,F3A,P000074
4542,E|4|54|||20251~S2,08,V,F3A,P000074
5543,E|4|54|||20251~S2,14,L,Z23,P000112
5543,E|4|54|||20251~S2,11,X,Z23,P000112
5543,E|4|54|||20251~S2,17,J,Z23,P000112
5547,E|4|54|||20251~S2,08,L,U13,P000006
5547,E|4|54|||20251~S2,14,M,U13,P000006
5547,E|4|54|||20251~S2,15,V,U13,P000006
6544,E|4|54|||20251~S2,13,L,F28,P000086
6544,E|4|54|||20251~S2,12,M,F28,P000086
6544,E|4|54|||20251~S2,19,J,F28,P000086
7541,E|4|54|||20251~S2,12,L,E3A,P000044
7541,E|4|54|||20251~S2,19,M,E3A,P000044
7541,E|4|54|||20251~S2,15,J,E3A,P000044
